<?xml version="1.0" encoding="UTF-8"?>
<project-private xmlns="http://www.netbeans.org/ns/project-private/1">
    <editor-bookmarks xmlns="http://www.netbeans.org/ns/editor-bookmarks/2" lastBookmarkId="0"/>
    <open-files xmlns="http://www.netbeans.org/ns/projectui-open-files/2">
        <group>
            <file>file:/C:/Users/gamebox3000/Desktop/MyLabsMinusFinal/MyLabsMinus/1020Group1Project/src/pkg1020group1project/AnswerParser.java</file>
            <file>file:/C:/Users/gamebox3000/Desktop/MyLabsMinusFinal/MyLabsMinus/1020Group1Project/src/pkg1020group1project/UserInterface.java</file>
            <file>file:/C:/Users/gamebox3000/Desktop/MyLabsMinusFinal/MyLabsMinus/1020Group1Project/src/pkg1020group1project/Student.java</file>
            <file>file:/C:/Users/gamebox3000/Desktop/MyLabsMinusFinal/MyLabsMinus/1020Group1Project/src/pkg1020group1project/Main.java</file>
            <file>file:/C:/Users/gamebox3000/Desktop/MyLabsMinusFinal/MyLabsMinus/1020Group1Project/src/pkg1020group1project/Parent.java</file>
            <file>file:/C:/Users/gamebox3000/Desktop/MyLabsMinusFinal/MyLabsMinus/1020Group1Project/src/pkg1020group1project/Teacher.java</file>
            <file>file:/C:/Users/gamebox3000/Desktop/MyLabsMinusFinal/MyLabsMinus/1020Group1Project/src/pkg1020group1project/UserData.java</file>
            <file>file:/C:/Users/gamebox3000/Desktop/MyLabsMinusFinal/MyLabsMinus/1020Group1Project/src/pkg1020group1project/User.java</file>
            <file>file:/C:/Users/gamebox3000/Desktop/MyLabsMinusFinal/MyLabsMinus/1020Group1Project/src/pkg1020group1project/ProblemGenerator.java</file>
        </group>
    </open-files>
</project-private>
